{
  "faces": [
    {
      "y": 143, 
      "id": -1,
      "x": 485, 
      "c": "0.9999993", 
      "w": 65, 
      "h": 87
    }, 
    {
      "y": 157, 
      "id": -1,
      "x": 273, 
      "c": "0.999995", 
      "w": 63, 
      "h": 82
    }
  ]
}