{
  "faces": [
    {
      "y": 143, 
      "id": -1,
      "x": 482, 
      "c": "0.9999993", 
      "w": 65, 
      "h": 89
    }, 
    {
      "y": 157, 
      "id": -1,
      "x": 272, 
      "c": "0.9999957", 
      "w": 62, 
      "h": 81
    }
  ]
}