{
  "faces": [
    {
      "y": 144, 
      "id": -1,
      "x": 480, 
      "c": "0.9999994", 
      "w": 64, 
      "h": 86
    }, 
    {
      "y": 158, 
      "id": -1,
      "x": 267, 
      "c": "0.9999957", 
      "w": 62, 
      "h": 78
    }
  ]
}