{
  "faces": [
    {
      "y": 144, 
      "id": -1,
      "x": 486, 
      "c": "0.9999995", 
      "w": 64, 
      "h": 87
    }, 
    {
      "y": 157, 
      "id": -1,
      "x": 232, 
      "c": "0.9999945", 
      "w": 64, 
      "h": 79
    }, 
    {
      "y": 237, 
      "id": -1,
      "x": 45, 
      "c": "0.8316387", 
      "w": 9, 
      "h": 12
    }
  ]
}