{
  "faces": [
    {
      "y": 144, 
      "id": -1,
      "x": 486, 
      "c": "0.99999964", 
      "w": 65, 
      "h": 87
    }, 
    {
      "y": 154, 
      "id": -1,
      "x": 229, 
      "c": "0.99999535", 
      "w": 69, 
      "h": 86
    }
  ]
}