{
  "faces": [
    {
      "y": 144, 
      "id": -1,
      "x": 486, 
      "c": "0.99999964", 
      "w": 65, 
      "h": 87
    }, 
    {
      "y": 157, 
      "id": -1,
      "x": 231, 
      "c": "0.9999939", 
      "w": 65, 
      "h": 81
    }
  ]
}