{
  "faces": [
    {
      "y": 144, 
      "id": -1,
      "x": 486, 
      "c": "0.99999964", 
      "w": 65, 
      "h": 87
    }, 
    {
      "y": 156, 
      "id": -1,
      "x": 227, 
      "c": "0.99999654", 
      "w": 65, 
      "h": 82
    }
  ]
}