{
  "faces": [
    {
      "y": 144, 
      "id": -1,
      "x": 484, 
      "c": "0.99999964", 
      "w": 66, 
      "h": 89
    }, 
    {
      "y": 156, 
      "id": -1,
      "x": 226, 
      "c": "0.9999968", 
      "w": 64, 
      "h": 81
    }, 
    {
      "y": 238, 
      "id": -1,
      "x": 45, 
      "c": "0.73562855", 
      "w": 9, 
      "h": 11
    }
  ]
}