{
  "faces": [
    {
      "y": 144, 
      "id": -1,
      "x": 486, 
      "c": "0.9999995", 
      "w": 65, 
      "h": 87
    }, 
    {
      "y": 155, 
      "id": -1,
      "x": 225, 
      "c": "0.9999901", 
      "w": 63, 
      "h": 80
    }
  ]
}