{
  "faces": [
    {
      "y": 144, 
      "id": -1,
      "x": 486, 
      "c": "0.9999995", 
      "w": 64, 
      "h": 87
    }, 
    {
      "y": 153, 
      "id": -1,
      "x": 220, 
      "c": "0.99999225", 
      "w": 69, 
      "h": 88
    }
  ]
}