{
  "faces": [
    {
      "y": 143, 
      "id": -1,
      "x": 484, 
      "c": "0.9999995", 
      "w": 66, 
      "h": 90
    }, 
    {
      "y": 153, 
      "id": -1,
      "x": 219, 
      "c": "0.9999937", 
      "w": 69, 
      "h": 87
    }
  ]
}