{
  "faces": [
    {
      "y": 143, 
      "id": -1,
      "x": 484, 
      "c": "0.99999976", 
      "w": 66, 
      "h": 90
    }, 
    {
      "y": 153, 
      "id": -1,
      "x": 217, 
      "c": "0.99999464", 
      "w": 69, 
      "h": 87
    }
  ]
}