{
  "faces": [
    {
      "y": 144, 
      "id": -1,
      "x": 480, 
      "c": "0.99999917", 
      "w": 64, 
      "h": 86
    }, 
    {
      "y": 157, 
      "id": -1,
      "x": 267, 
      "c": "0.99999535", 
      "w": 60, 
      "h": 79
    }
  ]
}