{
  "faces": [
    {
      "y": 143, 
      "id": -1,
      "x": 486, 
      "c": "0.9999994", 
      "w": 64, 
      "h": 87
    }, 
    {
      "y": 156, 
      "id": -1,
      "x": 218, 
      "c": "0.9999964", 
      "w": 66, 
      "h": 82
    }
  ]
}