{
  "faces": [
    {
      "y": 144, 
      "id": -1,
      "x": 486, 
      "c": "0.99999964", 
      "w": 64, 
      "h": 87
    }, 
    {
      "y": 156, 
      "id": -1,
      "x": 217, 
      "c": "0.9999963", 
      "w": 66, 
      "h": 83
    }
  ]
}