{
  "faces": [
    {
      "y": 144, 
      "id": -1,
      "x": 486, 
      "c": "0.9999995", 
      "w": 64, 
      "h": 87
    }, 
    {
      "y": 156, 
      "id": -1,
      "x": 217, 
      "c": "0.99999356", 
      "w": 65, 
      "h": 83
    }
  ]
}