{
  "faces": [
    {
      "y": 144, 
      "id": -1,
      "x": 486, 
      "c": "0.9999995", 
      "w": 64, 
      "h": 87
    }, 
    {
      "y": 157, 
      "id": -1,
      "x": 218, 
      "c": "0.99999344", 
      "w": 63, 
      "h": 81
    }
  ]
}