{
  "faces": [
    {
      "y": 143, 
      "id": -1,
      "x": 486, 
      "c": "0.9999994", 
      "w": 64, 
      "h": 87
    }, 
    {
      "y": 155, 
      "id": -1,
      "x": 217, 
      "c": "0.99999", 
      "w": 65, 
      "h": 82
    }
  ]
}