{
  "faces": [
    {
      "y": 144, 
      "id": -1,
      "x": 484, 
      "c": "0.99999964", 
      "w": 65, 
      "h": 88
    }, 
    {
      "y": 153, 
      "id": -1,
      "x": 218, 
      "c": "0.9999933", 
      "w": 66, 
      "h": 82
    }
  ]
}