{
  "faces": [
    {
      "y": 144, 
      "id": -1,
      "x": 486, 
      "c": "0.9999994", 
      "w": 64, 
      "h": 87
    }, 
    {
      "y": 153, 
      "id": -1,
      "x": 219, 
      "c": "0.9999943", 
      "w": 66, 
      "h": 82
    }
  ]
}