{
  "faces": [
    {
      "y": 144, 
      "id": -1,
      "x": 486, 
      "c": "0.9999994", 
      "w": 64, 
      "h": 86
    }, 
    {
      "y": 152, 
      "id": -1,
      "x": 218, 
      "c": "0.99999523", 
      "w": 66, 
      "h": 83
    }
  ]
}