{
  "faces": [
    {
      "y": 143, 
      "id": -1,
      "x": 486, 
      "c": "0.9999994", 
      "w": 64, 
      "h": 87
    }, 
    {
      "y": 152, 
      "id": -1,
      "x": 221, 
      "c": "0.99999", 
      "w": 64, 
      "h": 81
    }
  ]
}