{
  "faces": [
    {
      "y": 144, 
      "id": -1,
      "x": 480, 
      "c": "0.99999964", 
      "w": 65, 
      "h": 87
    }, 
    {
      "y": 154, 
      "id": -1,
      "x": 265, 
      "c": "0.9999956", 
      "w": 61, 
      "h": 81
    }
  ]
}