{
  "faces": [
    {
      "y": 144, 
      "id": -1,
      "x": 486, 
      "c": "0.9999994", 
      "w": 64, 
      "h": 87
    }, 
    {
      "y": 151, 
      "id": -1,
      "x": 220, 
      "c": "0.99999225", 
      "w": 65, 
      "h": 81
    }
  ]
}