{
  "faces": [
    {
      "y": 144, 
      "id": -1,
      "x": 486, 
      "c": "0.9999995", 
      "w": 64, 
      "h": 87
    }, 
    {
      "y": 151, 
      "id": -1,
      "x": 221, 
      "c": "0.9999926", 
      "w": 64, 
      "h": 82
    }
  ]
}