{
  "faces": [
    {
      "y": 144, 
      "id": -1,
      "x": 486, 
      "c": "0.9999994", 
      "w": 64, 
      "h": 87
    }, 
    {
      "y": 150, 
      "id": -1,
      "x": 221, 
      "c": "0.9999944", 
      "w": 64, 
      "h": 81
    }
  ]
}