{
  "faces": [
    {
      "y": 144, 
      "id": -1,
      "x": 486, 
      "c": "0.9999995", 
      "w": 65, 
      "h": 86
    }, 
    {
      "y": 150, 
      "id": -1,
      "x": 221, 
      "c": "0.99999", 
      "w": 64, 
      "h": 80
    }
  ]
}