{
  "faces": [
    {
      "y": 144, 
      "id": -1,
      "x": 486, 
      "c": "0.9999994", 
      "w": 64, 
      "h": 87
    }, 
    {
      "y": 149, 
      "id": -1,
      "x": 220, 
      "c": "0.99999034", 
      "w": 64, 
      "h": 82
    }
  ]
}