{
  "faces": [
    {
      "y": 143, 
      "id": -1,
      "x": 486, 
      "c": "0.99999964", 
      "w": 65, 
      "h": 87
    }, 
    {
      "y": 148, 
      "id": -1,
      "x": 218, 
      "c": "0.99999154", 
      "w": 64, 
      "h": 83
    }
  ]
}