{
  "faces": [
    {
      "y": 143, 
      "id": -1,
      "x": 484, 
      "c": "0.9999995", 
      "w": 66, 
      "h": 89
    }, 
    {
      "y": 149, 
      "id": -1,
      "x": 218, 
      "c": "0.99998975", 
      "w": 64, 
      "h": 83
    }
  ]
}