{
  "faces": [
    {
      "y": 144, 
      "id": -1,
      "x": 480, 
      "c": "0.9999995", 
      "w": 65, 
      "h": 86
    }, 
    {
      "y": 153, 
      "id": -1,
      "x": 265, 
      "c": "0.99999654", 
      "w": 61, 
      "h": 81
    }
  ]
}