{
  "faces": [
    {
      "y": 143, 
      "id": -1,
      "x": 486, 
      "c": "0.9999995", 
      "w": 64, 
      "h": 87
    }, 
    {
      "y": 148, 
      "id": -1,
      "x": 217, 
      "c": "0.9999889", 
      "w": 64, 
      "h": 83
    }
  ]
}