{
  "faces": [
    {
      "y": 142, 
      "id": -1,
      "x": 487, 
      "c": "0.9999993", 
      "w": 64, 
      "h": 87
    }, 
    {
      "y": 149, 
      "id": -1,
      "x": 217, 
      "c": "0.9999927", 
      "w": 65, 
      "h": 83
    }
  ]
}