{
  "faces": [
    {
      "y": 143, 
      "id": -1,
      "x": 487, 
      "c": "0.99999917", 
      "w": 64, 
      "h": 87
    }, 
    {
      "y": 149, 
      "id": -1,
      "x": 217, 
      "c": "0.99999106", 
      "w": 64, 
      "h": 82
    }
  ]
}