{
  "faces": [
    {
      "y": 142, 
      "id": -1,
      "x": 487, 
      "c": "0.9999993", 
      "w": 64, 
      "h": 88
    }, 
    {
      "y": 149, 
      "id": -1,
      "x": 216, 
      "c": "0.9999944", 
      "w": 65, 
      "h": 83
    }
  ]
}