{
  "faces": [
    {
      "y": 142, 
      "id": -1,
      "x": 484, 
      "c": "0.99999917", 
      "w": 65, 
      "h": 89
    }, 
    {
      "y": 150, 
      "id": -1,
      "x": 216, 
      "c": "0.99999523", 
      "w": 64, 
      "h": 82
    }
  ]
}