{
  "faces": [
    {
      "y": 142, 
      "id": -1,
      "x": 484, 
      "c": "0.9999993", 
      "w": 66, 
      "h": 89
    }, 
    {
      "y": 151, 
      "id": -1,
      "x": 216, 
      "c": "0.99999654", 
      "w": 64, 
      "h": 80
    }
  ]
}