{
  "faces": [
    {
      "y": 143, 
      "id": -1,
      "x": 486, 
      "c": "0.9999989", 
      "w": 64, 
      "h": 87
    }, 
    {
      "y": 151, 
      "id": -1,
      "x": 215, 
      "c": "0.9999931", 
      "w": 63, 
      "h": 82
    }
  ]
}