{
  "faces": [
    {
      "y": 141, 
      "id": -1,
      "x": 484, 
      "c": "0.9999989", 
      "w": 66, 
      "h": 90
    }, 
    {
      "y": 150, 
      "id": -1,
      "x": 215, 
      "c": "0.9999919", 
      "w": 63, 
      "h": 81
    }
  ]
}