{
  "faces": [
    {
      "y": 142, 
      "id": -1,
      "x": 484, 
      "c": "0.9999989", 
      "w": 66, 
      "h": 90
    }, 
    {
      "y": 150, 
      "id": -1,
      "x": 213, 
      "c": "0.99999106", 
      "w": 64, 
      "h": 83
    }
  ]
}