{
  "faces": [
    {
      "y": 142, 
      "id": -1,
      "x": 486, 
      "c": "0.9999993", 
      "w": 65, 
      "h": 88
    }, 
    {
      "y": 150, 
      "id": -1,
      "x": 212, 
      "c": "0.9999938", 
      "w": 65, 
      "h": 82
    }, 
    {
      "y": 237, 
      "id": -1,
      "x": 45, 
      "c": "0.75886184", 
      "w": 9, 
      "h": 11
    }
  ]
}