{
  "faces": [
    {
      "y": 144, 
      "id": -1,
      "x": 480, 
      "c": "0.99999964", 
      "w": 65, 
      "h": 86
    }, 
    {
      "y": 152, 
      "id": -1,
      "x": 263, 
      "c": "0.99999464", 
      "w": 62, 
      "h": 81
    }
  ]
}