{
  "faces": [
    {
      "y": 142, 
      "id": -1,
      "x": 487, 
      "c": "0.9999988", 
      "w": 65, 
      "h": 89
    }, 
    {
      "y": 149, 
      "id": -1,
      "x": 209, 
      "c": "0.99999547", 
      "w": 65, 
      "h": 84
    }
  ]
}