{
  "faces": [
    {
      "y": 142, 
      "id": -1,
      "x": 486, 
      "c": "0.99999714", 
      "w": 66, 
      "h": 90
    }, 
    {
      "y": 148, 
      "id": -1,
      "x": 208, 
      "c": "0.999995", 
      "w": 66, 
      "h": 84
    }
  ]
}