{
  "faces": [
    {
      "y": 141, 
      "id": -1,
      "x": 485, 
      "c": "0.99999714", 
      "w": 68, 
      "h": 93
    }, 
    {
      "y": 149, 
      "id": -1,
      "x": 208, 
      "c": "0.9999908", 
      "w": 64, 
      "h": 82
    }
  ]
}