{
  "faces": [
    {
      "y": 140, 
      "id": -1,
      "x": 486, 
      "c": "0.9999976", 
      "w": 67, 
      "h": 92
    }, 
    {
      "y": 143, 
      "id": -1,
      "x": 202, 
      "c": "0.9999809", 
      "w": 71, 
      "h": 90
    }
  ]
}