{
  "faces": [
    {
      "y": 141, 
      "id": -1,
      "x": 487, 
      "c": "0.9999976", 
      "w": 67, 
      "h": 92
    }, 
    {
      "y": 146, 
      "id": -1,
      "x": 207, 
      "c": "0.9999858", 
      "w": 64, 
      "h": 85
    }
  ]
}