{
  "faces": [
    {
      "y": 139, 
      "id": -1,
      "x": 486, 
      "c": "0.99999774", 
      "w": 68, 
      "h": 92
    }, 
    {
      "y": 146, 
      "id": -1,
      "x": 206, 
      "c": "0.99998474", 
      "w": 62, 
      "h": 85
    }
  ]
}