{
  "faces": [
    {
      "y": 140, 
      "id": -1,
      "x": 486, 
      "c": "0.99999905", 
      "w": 68, 
      "h": 91
    }, 
    {
      "y": 147, 
      "id": -1,
      "x": 204, 
      "c": "0.99997807", 
      "w": 66, 
      "h": 85
    }
  ]
}