{
  "faces": [
    {
      "y": 139, 
      "id": -1,
      "x": 488, 
      "c": "0.99999917", 
      "w": 68, 
      "h": 92
    }, 
    {
      "y": 146, 
      "id": -1,
      "x": 204, 
      "c": "0.99997306", 
      "w": 65, 
      "h": 84
    }
  ]
}