{
  "faces": [
    {
      "y": 136, 
      "id": -1,
      "x": 487, 
      "c": "0.99999917", 
      "w": 71, 
      "h": 95
    }, 
    {
      "y": 146, 
      "id": -1,
      "x": 204, 
      "c": "0.99998236", 
      "w": 65, 
      "h": 84
    }
  ]
}