{
  "faces": [
    {
      "y": 136, 
      "id": -1,
      "x": 487, 
      "c": "0.9999989", 
      "w": 71, 
      "h": 96
    }, 
    {
      "y": 145, 
      "id": -1,
      "x": 205, 
      "c": "0.9999702", 
      "w": 62, 
      "h": 85
    }
  ]
}