{
  "faces": [
    {
      "y": 144, 
      "id": -1,
      "x": 480, 
      "c": "0.9999995", 
      "w": 64, 
      "h": 86
    }, 
    {
      "y": 152, 
      "id": -1,
      "x": 262, 
      "c": "0.99999726", 
      "w": 62, 
      "h": 81
    }
  ]
}