{
  "faces": [
    {
      "y": 136, 
      "id": -1,
      "x": 490, 
      "c": "0.99999976", 
      "w": 70, 
      "h": 93
    }, 
    {
      "y": 145, 
      "id": -1,
      "x": 204, 
      "c": "0.999982", 
      "w": 65, 
      "h": 85
    }
  ]
}