{
  "faces": [
    {
      "y": 134, 
      "id": -1,
      "x": 492, 
      "c": "0.99999976", 
      "w": 70, 
      "h": 93
    }, 
    {
      "y": 146, 
      "id": -1,
      "x": 203, 
      "c": "0.99998367", 
      "w": 66, 
      "h": 84
    }
  ]
}