{
  "faces": [
    {
      "y": 132, 
      "id": -1,
      "x": 492, 
      "c": "0.99999964", 
      "w": 70, 
      "h": 94
    }, 
    {
      "y": 146, 
      "id": -1,
      "x": 203, 
      "c": "0.99998546", 
      "w": 66, 
      "h": 85
    }
  ]
}