{
  "faces": [
    {
      "y": 129, 
      "id": -1,
      "x": 492, 
      "c": "0.9999993", 
      "w": 71, 
      "h": 96
    }, 
    {
      "y": 145, 
      "id": -1,
      "x": 205, 
      "c": "0.9999895", 
      "w": 63, 
      "h": 85
    }
  ]
}