{
  "faces": [
    {
      "y": 129, 
      "id": -1,
      "x": 491, 
      "c": "0.9999993", 
      "w": 71, 
      "h": 96
    }, 
    {
      "y": 145, 
      "id": -1,
      "x": 203, 
      "c": "0.99999154", 
      "w": 67, 
      "h": 87
    }
  ]
}