{
  "faces": [
    {
      "y": 129, 
      "id": -1,
      "x": 488, 
      "c": "0.99999845", 
      "w": 72, 
      "h": 97
    }, 
    {
      "y": 145, 
      "id": -1,
      "x": 205, 
      "c": "0.9999918", 
      "w": 65, 
      "h": 86
    }
  ]
}