{
  "faces": [
    {
      "y": 129, 
      "id": -1,
      "x": 485, 
      "c": "0.999998", 
      "w": 73, 
      "h": 98
    }, 
    {
      "y": 145, 
      "id": -1,
      "x": 205, 
      "c": "0.9999927", 
      "w": 65, 
      "h": 86
    }
  ]
}