{
  "faces": [
    {
      "y": 131, 
      "id": -1,
      "x": 484, 
      "c": "0.999998", 
      "w": 73, 
      "h": 97
    }, 
    {
      "y": 145, 
      "id": -1,
      "x": 205, 
      "c": "0.99999416", 
      "w": 66, 
      "h": 87
    }
  ]
}