{
  "faces": [
    {
      "y": 136, 
      "id": -1,
      "x": 483, 
      "c": "0.9999981", 
      "w": 73, 
      "h": 98
    }, 
    {
      "y": 145, 
      "id": -1,
      "x": 207, 
      "c": "0.9999943", 
      "w": 65, 
      "h": 85
    }
  ]
}