{
  "faces": [
    {
      "y": 139, 
      "id": -1,
      "x": 484, 
      "c": "0.99999833", 
      "w": 74, 
      "h": 100
    }, 
    {
      "y": 145, 
      "id": -1,
      "x": 208, 
      "c": "0.9999945", 
      "w": 65, 
      "h": 84
    }
  ]
}