{
  "faces": [
    {
      "y": 143, 
      "id": -1,
      "x": 480, 
      "c": "0.99999964", 
      "w": 64, 
      "h": 87
    }, 
    {
      "y": 152, 
      "id": -1,
      "x": 261, 
      "c": "0.9999969", 
      "w": 62, 
      "h": 80
    }
  ]
}