{
  "faces": [
    {
      "y": 143, 
      "id": -1,
      "x": 486, 
      "c": "0.9999994", 
      "w": 74, 
      "h": 101
    }, 
    {
      "y": 147, 
      "id": -1,
      "x": 211, 
      "c": "0.9999927", 
      "w": 65, 
      "h": 83
    }, 
    {
      "y": 238, 
      "id": -1,
      "x": 45, 
      "c": "0.77104825", 
      "w": 9, 
      "h": 11
    }
  ]
}