{
  "faces": [
    {
      "y": 144, 
      "id": -1,
      "x": 491, 
      "c": "0.9999995", 
      "w": 71, 
      "h": 100
    }, 
    {
      "y": 145, 
      "id": -1,
      "x": 213, 
      "c": "0.9999902", 
      "w": 66, 
      "h": 84
    }
  ]
}