{
  "faces": [
    {
      "y": 145, 
      "id": -1,
      "x": 493, 
      "c": "0.99999964", 
      "w": 71, 
      "h": 99
    }, 
    {
      "y": 145, 
      "id": -1,
      "x": 215, 
      "c": "0.99998796", 
      "w": 66, 
      "h": 84
    }
  ]
}