{
  "faces": [
    {
      "y": 145, 
      "id": -1,
      "x": 494, 
      "c": "0.9999987", 
      "w": 73, 
      "h": 98
    }, 
    {
      "y": 147, 
      "id": -1,
      "x": 221, 
      "c": "0.99998903", 
      "w": 64, 
      "h": 82
    }
  ]
}