{
  "faces": [
    {
      "y": 143, 
      "id": -1,
      "x": 499, 
      "c": "0.9999989", 
      "w": 69, 
      "h": 96
    }, 
    {
      "y": 146, 
      "id": -1,
      "x": 223, 
      "c": "0.9999924", 
      "w": 64, 
      "h": 83
    }
  ]
}