{
  "faces": [
    {
      "y": 142, 
      "id": -1,
      "x": 500, 
      "c": "0.99999917", 
      "w": 68, 
      "h": 93
    }, 
    {
      "y": 146, 
      "id": -1,
      "x": 225, 
      "c": "0.9999901", 
      "w": 64, 
      "h": 82
    }
  ]
}