{
  "faces": [
    {
      "y": 141, 
      "id": -1,
      "x": 501, 
      "c": "0.99999833", 
      "w": 68, 
      "h": 93
    }, 
    {
      "y": 147, 
      "id": -1,
      "x": 228, 
      "c": "0.99999034", 
      "w": 63, 
      "h": 82
    }
  ]
}