{
  "faces": [
    {
      "y": 141, 
      "id": -1,
      "x": 501, 
      "c": "0.9999988", 
      "w": 67, 
      "h": 91
    }, 
    {
      "y": 148, 
      "id": -1,
      "x": 229, 
      "c": "0.99999595", 
      "w": 64, 
      "h": 82
    }
  ]
}