{
  "faces": [
    {
      "y": 143, 
      "id": -1,
      "x": 498, 
      "c": "0.9999994", 
      "w": 66, 
      "h": 89
    }, 
    {
      "y": 148, 
      "id": -1,
      "x": 233, 
      "c": "0.9999932", 
      "w": 62, 
      "h": 81
    }
  ]
}