{
  "faces": [
    {
      "y": 144, 
      "id": -1,
      "x": 497, 
      "c": "0.99999905", 
      "w": 65, 
      "h": 89
    }, 
    {
      "y": 149, 
      "id": -1,
      "x": 236, 
      "c": "0.9999956", 
      "w": 63, 
      "h": 81
    }
  ]
}