{
  "faces": [
    {
      "y": 144, 
      "id": -1,
      "x": 481, 
      "c": "0.9999994", 
      "w": 64, 
      "h": 86
    }, 
    {
      "y": 154, 
      "id": -1,
      "x": 259, 
      "c": "0.999992", 
      "w": 61, 
      "h": 78
    }
  ]
}