{
  "faces": [
    {
      "y": 143, 
      "id": -1,
      "x": 495, 
      "c": "0.99999905", 
      "w": 66, 
      "h": 90
    }, 
    {
      "y": 149, 
      "id": -1,
      "x": 238, 
      "c": "0.9999938", 
      "w": 61, 
      "h": 80
    }
  ]
}