{
  "faces": [
    {
      "y": 144, 
      "id": -1,
      "x": 493, 
      "c": "0.9999993", 
      "w": 66, 
      "h": 87
    }, 
    {
      "y": 150, 
      "id": -1,
      "x": 241, 
      "c": "0.9999927", 
      "w": 63, 
      "h": 79
    }
  ]
}