{
  "faces": [
    {
      "y": 145, 
      "id": -1,
      "x": 488, 
      "c": "0.9999989", 
      "w": 64, 
      "h": 86
    }, 
    {
      "y": 149, 
      "id": -1,
      "x": 246, 
      "c": "0.9999927", 
      "w": 62, 
      "h": 79
    }
  ]
}