{
  "faces": [
    {
      "y": 144, 
      "id": -1,
      "x": 485, 
      "c": "0.99999905", 
      "w": 66, 
      "h": 88
    }, 
    {
      "y": 151, 
      "id": -1,
      "x": 249, 
      "c": "0.99999475", 
      "w": 60, 
      "h": 78
    }
  ]
}