{
  "faces": [
    {
      "y": 143, 
      "id": -1,
      "x": 483, 
      "c": "0.9999987", 
      "w": 67, 
      "h": 87
    }, 
    {
      "y": 152, 
      "id": -1,
      "x": 250, 
      "c": "0.9999949", 
      "w": 62, 
      "h": 78
    }
  ]
}