{
  "faces": [
    {
      "y": 144, 
      "id": -1,
      "x": 484, 
      "c": "0.9999987", 
      "w": 67, 
      "h": 88
    }, 
    {
      "y": 152, 
      "id": -1,
      "x": 252, 
      "c": "0.99999714", 
      "w": 62, 
      "h": 79
    }
  ]
}