{
  "faces": [
    {
      "y": 145, 
      "id": -1,
      "x": 485, 
      "c": "0.9999987", 
      "w": 66, 
      "h": 87
    }, 
    {
      "y": 152, 
      "id": -1,
      "x": 256, 
      "c": "0.9999976", 
      "w": 61, 
      "h": 80
    }
  ]
}