{
  "faces": [
    {
      "y": 146, 
      "id": -1,
      "x": 485, 
      "c": "0.9999987", 
      "w": 65, 
      "h": 87
    }, 
    {
      "y": 153, 
      "id": -1,
      "x": 260, 
      "c": "0.9999945", 
      "w": 60, 
      "h": 78
    }
  ]
}