{
  "faces": [
    {
      "y": 146, 
      "id": -1,
      "x": 486, 
      "c": "0.999998", 
      "w": 65, 
      "h": 88
    }, 
    {
      "y": 153, 
      "id": -1,
      "x": 259, 
      "c": "0.999997", 
      "w": 61, 
      "h": 78
    }
  ]
}