{
  "faces": [
    {
      "y": 145, 
      "id": -1,
      "x": 484, 
      "c": "0.99999917", 
      "w": 65, 
      "h": 86
    }, 
    {
      "y": 154, 
      "id": -1,
      "x": 263, 
      "c": "0.99999726", 
      "w": 61, 
      "h": 77
    }
  ]
}