{
  "faces": [
    {
      "y": 144, 
      "id": -1,
      "x": 481, 
      "c": "0.9999994", 
      "w": 64, 
      "h": 85
    }, 
    {
      "y": 153, 
      "id": -1,
      "x": 258, 
      "c": "0.9999943", 
      "w": 61, 
      "h": 81
    }
  ]
}