{
  "faces": [
    {
      "y": 145, 
      "id": -1,
      "x": 485, 
      "c": "0.9999989", 
      "w": 66, 
      "h": 87
    }, 
    {
      "y": 153, 
      "id": -1,
      "x": 265, 
      "c": "0.9999982", 
      "w": 60, 
      "h": 79
    }
  ]
}