{
  "faces": [
    {
      "y": 145, 
      "id": -1,
      "x": 484, 
      "c": "0.99999917", 
      "w": 66, 
      "h": 87
    }, 
    {
      "y": 153, 
      "id": -1,
      "x": 265, 
      "c": "0.99999774", 
      "w": 60, 
      "h": 79
    }
  ]
}