{
  "faces": [
    {
      "y": 144, 
      "id": -1,
      "x": 483, 
      "c": "0.99999905", 
      "w": 66, 
      "h": 86
    }, 
    {
      "y": 154, 
      "id": -1,
      "x": 267, 
      "c": "0.9999957", 
      "w": 59, 
      "h": 79
    }
  ]
}