{
  "faces": [
    {
      "y": 144, 
      "id": -1,
      "x": 482, 
      "c": "0.99999905", 
      "w": 65, 
      "h": 86
    }, 
    {
      "y": 156, 
      "id": -1,
      "x": 267, 
      "c": "0.9999964", 
      "w": 60, 
      "h": 77
    }
  ]
}