{
  "faces": [
    {
      "y": 143, 
      "id": -1,
      "x": 481, 
      "c": "0.9999995", 
      "w": 65, 
      "h": 87
    }, 
    {
      "y": 155, 
      "id": -1,
      "x": 266, 
      "c": "0.99999726", 
      "w": 60, 
      "h": 77
    }
  ]
}