{
  "faces": [
    {
      "y": 143, 
      "id": -1,
      "x": 481, 
      "c": "0.9999993", 
      "w": 65, 
      "h": 88
    }, 
    {
      "y": 154, 
      "id": -1,
      "x": 267, 
      "c": "0.99999714", 
      "w": 60, 
      "h": 79
    }
  ]
}