{
  "faces": [
    {
      "y": 143, 
      "id": -1,
      "x": 480, 
      "c": "0.99999917", 
      "w": 66, 
      "h": 88
    }, 
    {
      "y": 154, 
      "id": -1,
      "x": 267, 
      "c": "0.99999726", 
      "w": 60, 
      "h": 79
    }
  ]
}