{
  "faces": [
    {
      "y": 144, 
      "id": -1,
      "x": 479, 
      "c": "0.9999988", 
      "w": 65, 
      "h": 88
    }, 
    {
      "y": 155, 
      "id": -1,
      "x": 266, 
      "c": "0.99999654", 
      "w": 61, 
      "h": 78
    }
  ]
}