{
  "faces": [
    {
      "y": 145, 
      "id": -1,
      "x": 480, 
      "c": "0.9999989", 
      "w": 65, 
      "h": 88
    }, 
    {
      "y": 155, 
      "id": -1,
      "x": 267, 
      "c": "0.9999964", 
      "w": 61, 
      "h": 80
    }
  ]
}