{
  "faces": [
    {
      "y": 145, 
      "id": -1,
      "x": 481, 
      "c": "0.9999994", 
      "w": 65, 
      "h": 87
    }, 
    {
      "y": 156, 
      "id": -1,
      "x": 267, 
      "c": "0.99999547", 
      "w": 61, 
      "h": 78
    }
  ]
}