{
  "faces": [
    {
      "y": 145, 
      "id": -1,
      "x": 482, 
      "c": "0.99999917", 
      "w": 64, 
      "h": 85
    }, 
    {
      "y": 153, 
      "id": -1,
      "x": 256, 
      "c": "0.9999963", 
      "w": 61, 
      "h": 81
    }
  ]
}