{
  "faces": [
    {
      "y": 145, 
      "id": -1,
      "x": 483, 
      "c": "0.99999917", 
      "w": 64, 
      "h": 87
    }, 
    {
      "y": 157, 
      "id": -1,
      "x": 268, 
      "c": "0.99999356", 
      "w": 61, 
      "h": 79
    }
  ]
}