{
  "faces": [
    {
      "y": 144, 
      "id": -1,
      "x": 484, 
      "c": "0.9999993", 
      "w": 65, 
      "h": 87
    }, 
    {
      "y": 156, 
      "id": -1,
      "x": 267, 
      "c": "0.99999344", 
      "w": 60, 
      "h": 79
    }
  ]
}