{
  "faces": [
    {
      "y": 146, 
      "id": -1,
      "x": 486, 
      "c": "0.9999989", 
      "w": 65, 
      "h": 87
    }, 
    {
      "y": 156, 
      "id": -1,
      "x": 267, 
      "c": "0.9999951", 
      "w": 61, 
      "h": 79
    }
  ]
}