{
  "faces": [
    {
      "y": 146, 
      "id": -1,
      "x": 486, 
      "c": "0.9999993", 
      "w": 65, 
      "h": 87
    }, 
    {
      "y": 156, 
      "id": -1,
      "x": 268, 
      "c": "0.999992", 
      "w": 61, 
      "h": 78
    }
  ]
}