{
  "faces": [
    {
      "y": 145, 
      "id": -1,
      "x": 489, 
      "c": "0.9999982", 
      "w": 63, 
      "h": 86
    }, 
    {
      "y": 155, 
      "id": -1,
      "x": 268, 
      "c": "0.9999925", 
      "w": 62, 
      "h": 79
    }
  ]
}