{
  "faces": [
    {
      "y": 145, 
      "id": -1,
      "x": 492, 
      "c": "0.9999993", 
      "w": 64, 
      "h": 86
    }, 
    {
      "y": 155, 
      "id": -1,
      "x": 267, 
      "c": "0.9999924", 
      "w": 62, 
      "h": 79
    }
  ]
}