{
  "faces": [
    {
      "y": 145, 
      "id": -1,
      "x": 493, 
      "c": "0.99999964", 
      "w": 65, 
      "h": 86
    }, 
    {
      "y": 156, 
      "id": -1,
      "x": 267, 
      "c": "0.9999956", 
      "w": 62, 
      "h": 79
    }
  ]
}