{
  "faces": [
    {
      "y": 144, 
      "id": -1,
      "x": 494, 
      "c": "0.99999964", 
      "w": 64, 
      "h": 87
    }, 
    {
      "y": 155, 
      "id": -1,
      "x": 266, 
      "c": "0.99999464", 
      "w": 62, 
      "h": 79
    }
  ]
}