{
  "faces": [
    {
      "y": 142, 
      "id": -1,
      "x": 481, 
      "c": "0.9999994", 
      "w": 65, 
      "h": 89
    }, 
    {
      "y": 157, 
      "id": -1,
      "x": 271, 
      "c": "0.99999666", 
      "w": 63, 
      "h": 81
    }
  ]
}