{
  "faces": [
    {
      "y": 144, 
      "id": -1,
      "x": 483, 
      "c": "0.99999917", 
      "w": 64, 
      "h": 85
    }, 
    {
      "y": 153, 
      "id": -1,
      "x": 254, 
      "c": "0.9999968", 
      "w": 61, 
      "h": 81
    }
  ]
}