{
  "faces": [
    {
      "y": 144, 
      "id": -1,
      "x": 483, 
      "c": "0.9999994", 
      "w": 64, 
      "h": 85
    }, 
    {
      "y": 153, 
      "id": -1,
      "x": 253, 
      "c": "0.9999969", 
      "w": 62, 
      "h": 81
    }
  ]
}