{
  "faces": [
    {
      "y": 143, 
      "id": -1,
      "x": 483, 
      "c": "0.9999993", 
      "w": 64, 
      "h": 85
    }, 
    {
      "y": 155, 
      "id": -1,
      "x": 250, 
      "c": "0.9999949", 
      "w": 63, 
      "h": 78
    }
  ]
}