{
  "faces": [
    {
      "y": 143, 
      "id": -1,
      "x": 481, 
      "c": "0.9999993", 
      "w": 65, 
      "h": 88
    }, 
    {
      "y": 153, 
      "id": -1,
      "x": 250, 
      "c": "0.9999975", 
      "w": 62, 
      "h": 81
    }
  ]
}