{
  "faces": [
    {
      "y": 142, 
      "id": -1,
      "x": 482, 
      "c": "0.9999995", 
      "w": 66, 
      "h": 88
    }, 
    {
      "y": 153, 
      "id": -1,
      "x": 248, 
      "c": "0.99999464", 
      "w": 62, 
      "h": 81
    }
  ]
}