{
  "faces": [
    {
      "y": 142, 
      "id": -1,
      "x": 482, 
      "c": "0.99999976", 
      "w": 66, 
      "h": 89
    }, 
    {
      "y": 153, 
      "id": -1,
      "x": 247, 
      "c": "0.9999958", 
      "w": 62, 
      "h": 81
    }
  ]
}