{
  "faces": [
    {
      "y": 142, 
      "id": -1,
      "x": 483, 
      "c": "0.99999976", 
      "w": 66, 
      "h": 88
    }, 
    {
      "y": 153, 
      "id": -1,
      "x": 247, 
      "c": "0.99999523", 
      "w": 62, 
      "h": 81
    }
  ]
}