{
  "faces": [
    {
      "y": 143, 
      "id": -1,
      "x": 485, 
      "c": "0.99999964", 
      "w": 64, 
      "h": 86
    }, 
    {
      "y": 154, 
      "id": -1,
      "x": 246, 
      "c": "0.9999962", 
      "w": 62, 
      "h": 80
    }
  ]
}