{
  "faces": [
    {
      "y": 142, 
      "id": -1,
      "x": 485, 
      "c": "0.99999964", 
      "w": 65, 
      "h": 86
    }, 
    {
      "y": 154, 
      "id": -1,
      "x": 245, 
      "c": "0.9999949", 
      "w": 62, 
      "h": 80
    }
  ]
}