{
  "faces": [
    {
      "y": 142, 
      "id": -1,
      "x": 486, 
      "c": "0.9999995", 
      "w": 64, 
      "h": 86
    }, 
    {
      "y": 154, 
      "id": -1,
      "x": 245, 
      "c": "0.9999933", 
      "w": 62, 
      "h": 81
    }
  ]
}