{
  "faces": [
    {
      "y": 143, 
      "id": -1,
      "x": 481, 
      "c": "0.9999994", 
      "w": 65, 
      "h": 88
    }, 
    {
      "y": 157, 
      "id": -1,
      "x": 270, 
      "c": "0.99999535", 
      "w": 63, 
      "h": 81
    }
  ]
}