{
  "faces": [
    {
      "y": 142, 
      "id": -1,
      "x": 486, 
      "c": "0.99999964", 
      "w": 64, 
      "h": 87
    }, 
    {
      "y": 154, 
      "id": -1,
      "x": 245, 
      "c": "0.99999535", 
      "w": 63, 
      "h": 81
    }
  ]
}