{
  "faces": [
    {
      "y": 142, 
      "id": -1,
      "x": 487, 
      "c": "0.99999976", 
      "w": 64, 
      "h": 87
    }, 
    {
      "y": 153, 
      "id": -1,
      "x": 245, 
      "c": "0.999997", 
      "w": 63, 
      "h": 82
    }
  ]
}