{
  "faces": [
    {
      "y": 142, 
      "id": -1,
      "x": 486, 
      "c": "0.99999976", 
      "w": 64, 
      "h": 88
    }, 
    {
      "y": 152, 
      "id": -1,
      "x": 246, 
      "c": "0.99999595", 
      "w": 63, 
      "h": 81
    }
  ]
}