{
  "faces": [
    {
      "y": 141, 
      "id": -1,
      "x": 487, 
      "c": "0.99999964", 
      "w": 65, 
      "h": 88
    }, 
    {
      "y": 152, 
      "id": -1,
      "x": 246, 
      "c": "0.9999956", 
      "w": 64, 
      "h": 82
    }
  ]
}