{
  "faces": [
    {
      "y": 142, 
      "id": -1,
      "x": 486, 
      "c": "0.9999995", 
      "w": 64, 
      "h": 88
    }, 
    {
      "y": 150, 
      "id": -1,
      "x": 246, 
      "c": "0.9999981", 
      "w": 65, 
      "h": 84
    }
  ]
}