{
  "faces": [
    {
      "y": 142, 
      "id": -1,
      "x": 487, 
      "c": "0.99999964", 
      "w": 65, 
      "h": 87
    }, 
    {
      "y": 150, 
      "id": -1,
      "x": 247, 
      "c": "0.9999968", 
      "w": 64, 
      "h": 82
    }
  ]
}