{
  "faces": [
    {
      "y": 143, 
      "id": -1,
      "x": 480, 
      "c": "0.99999917", 
      "w": 65, 
      "h": 89
    }, 
    {
      "y": 157, 
      "id": -1,
      "x": 268, 
      "c": "0.99999595", 
      "w": 64, 
      "h": 81
    }
  ]
}