{
  "faces": [
    {
      "y": 142, 
      "id": -1,
      "x": 486, 
      "c": "0.9999995", 
      "w": 65, 
      "h": 87
    }, 
    {
      "y": 150, 
      "id": -1,
      "x": 247, 
      "c": "0.9999963", 
      "w": 64, 
      "h": 82
    }
  ]
}