{
  "faces": [
    {
      "y": 142, 
      "id": -1,
      "x": 486, 
      "c": "0.9999994", 
      "w": 65, 
      "h": 88
    }, 
    {
      "y": 151, 
      "id": -1,
      "x": 248, 
      "c": "0.999997", 
      "w": 63, 
      "h": 82
    }
  ]
}