{
  "faces": [
    {
      "y": 142, 
      "id": -1,
      "x": 485, 
      "c": "0.9999994", 
      "w": 65, 
      "h": 88
    }, 
    {
      "y": 151, 
      "id": -1,
      "x": 247, 
      "c": "0.9999957", 
      "w": 65, 
      "h": 82
    }
  ]
}