{
  "faces": [
    {
      "y": 143, 
      "id": -1,
      "x": 485, 
      "c": "0.9999994", 
      "w": 65, 
      "h": 87
    }, 
    {
      "y": 151, 
      "id": -1,
      "x": 248, 
      "c": "0.99999595", 
      "w": 65, 
      "h": 82
    }
  ]
}