{
  "faces": [
    {
      "y": 143, 
      "id": -1,
      "x": 484, 
      "c": "0.9999995", 
      "w": 65, 
      "h": 88
    }, 
    {
      "y": 148, 
      "id": -1,
      "x": 247, 
      "c": "0.99998724", 
      "w": 68, 
      "h": 89
    }
  ]
}