{
  "faces": [
    {
      "y": 143, 
      "id": -1,
      "x": 484, 
      "c": "0.99999964", 
      "w": 65, 
      "h": 89
    }, 
    {
      "y": 152, 
      "id": -1,
      "x": 250, 
      "c": "0.9999862", 
      "w": 63, 
      "h": 81
    }
  ]
}