{
  "faces": [
    {
      "y": 143, 
      "id": -1,
      "x": 482, 
      "c": "0.9999994", 
      "w": 66, 
      "h": 90
    }, 
    {
      "y": 152, 
      "id": -1,
      "x": 250, 
      "c": "0.9999901", 
      "w": 64, 
      "h": 81
    }
  ]
}