{
  "faces": [
    {
      "y": 143, 
      "id": -1,
      "x": 482, 
      "c": "0.99999917", 
      "w": 66, 
      "h": 89
    }, 
    {
      "y": 151, 
      "id": -1,
      "x": 250, 
      "c": "0.9999919", 
      "w": 64, 
      "h": 82
    }
  ]
}