{
  "faces": [
    {
      "y": 143, 
      "id": -1,
      "x": 480, 
      "c": "0.99999917", 
      "w": 65, 
      "h": 89
    }, 
    {
      "y": 158, 
      "id": -1,
      "x": 268, 
      "c": "0.999997", 
      "w": 63, 
      "h": 79
    }
  ]
}