{
  "faces": [
    {
      "y": 143, 
      "id": -1,
      "x": 484, 
      "c": "0.9999993", 
      "w": 65, 
      "h": 87
    }, 
    {
      "y": 151, 
      "id": -1,
      "x": 250, 
      "c": "0.9999932", 
      "w": 64, 
      "h": 82
    }
  ]
}