{
  "faces": [
    {
      "y": 143, 
      "id": -1,
      "x": 484, 
      "c": "0.9999994", 
      "w": 65, 
      "h": 86
    }, 
    {
      "y": 151, 
      "id": -1,
      "x": 250, 
      "c": "0.99999416", 
      "w": 64, 
      "h": 81
    }
  ]
}