{
  "faces": [
    {
      "y": 143, 
      "id": -1,
      "x": 484, 
      "c": "0.9999995", 
      "w": 65, 
      "h": 87
    }, 
    {
      "y": 150, 
      "id": -1,
      "x": 249, 
      "c": "0.99999416", 
      "w": 64, 
      "h": 81
    }
  ]
}