{
  "faces": [
    {
      "y": 144, 
      "id": -1,
      "x": 484, 
      "c": "0.99999917", 
      "w": 65, 
      "h": 87
    }, 
    {
      "y": 151, 
      "id": -1,
      "x": 248, 
      "c": "0.9999939", 
      "w": 64, 
      "h": 82
    }
  ]
}