{
  "faces": [
    {
      "y": 144, 
      "id": -1,
      "x": 484, 
      "c": "0.9999994", 
      "w": 64, 
      "h": 87
    }, 
    {
      "y": 151, 
      "id": -1,
      "x": 249, 
      "c": "0.9999924", 
      "w": 64, 
      "h": 81
    }
  ]
}