{
  "faces": [
    {
      "y": 144, 
      "id": -1,
      "x": 484, 
      "c": "0.9999994", 
      "w": 65, 
      "h": 87
    }, 
    {
      "y": 150, 
      "id": -1,
      "x": 247, 
      "c": "0.99999535", 
      "w": 65, 
      "h": 82
    }
  ]
}