{
  "faces": [
    {
      "y": 144, 
      "id": -1,
      "x": 484, 
      "c": "0.9999995", 
      "w": 65, 
      "h": 87
    }, 
    {
      "y": 151, 
      "id": -1,
      "x": 247, 
      "c": "0.99999666", 
      "w": 64, 
      "h": 82
    }
  ]
}