{
  "faces": [
    {
      "y": 144, 
      "id": -1,
      "x": 485, 
      "c": "0.9999994", 
      "w": 64, 
      "h": 87
    }, 
    {
      "y": 151, 
      "id": -1,
      "x": 247, 
      "c": "0.999997", 
      "w": 64, 
      "h": 82
    }, 
    {
      "y": 239, 
      "id": -1,
      "x": 49, 
      "c": "0.7292207", 
      "w": 9, 
      "h": 11
    }
  ]
}