{
  "faces": [
    {
      "y": 144, 
      "id": -1,
      "x": 485, 
      "c": "0.99999964", 
      "w": 65, 
      "h": 87
    }, 
    {
      "y": 150, 
      "id": -1,
      "x": 246, 
      "c": "0.99999774", 
      "w": 64, 
      "h": 82
    }
  ]
}