{
  "faces": [
    {
      "y": 143, 
      "id": -1,
      "x": 480, 
      "c": "0.9999993", 
      "w": 65, 
      "h": 89
    }, 
    {
      "y": 157, 
      "id": -1,
      "x": 267, 
      "c": "0.99999547", 
      "w": 63, 
      "h": 79
    }
  ]
}