{
  "faces": [
    {
      "y": 143, 
      "id": -1,
      "x": 485, 
      "c": "0.99999976", 
      "w": 65, 
      "h": 88
    }, 
    {
      "y": 151, 
      "id": -1,
      "x": 246, 
      "c": "0.9999974", 
      "w": 63, 
      "h": 81
    }
  ]
}