{
  "faces": [
    {
      "y": 144, 
      "id": -1,
      "x": 488, 
      "c": "0.99999905", 
      "w": 64, 
      "h": 86
    }, 
    {
      "y": 149, 
      "id": -1,
      "x": 248, 
      "c": "0.9999968", 
      "w": 63, 
      "h": 82
    }
  ]
}