{
  "faces": [
    {
      "y": 145, 
      "id": -1,
      "x": 488, 
      "c": "0.9999994", 
      "w": 64, 
      "h": 85
    }, 
    {
      "y": 149, 
      "id": -1,
      "x": 247, 
      "c": "0.9999968", 
      "w": 63, 
      "h": 82
    }
  ]
}