{
  "faces": [
    {
      "y": 143, 
      "id": -1,
      "x": 479, 
      "c": "0.9999993", 
      "w": 65, 
      "h": 89
    }, 
    {
      "y": 159, 
      "id": -1,
      "x": 268, 
      "c": "0.99999523", 
      "w": 62, 
      "h": 78
    }
  ]
}