{
  "faces": [
    {
      "y": 144, 
      "id": -1,
      "x": 488, 
      "c": "0.9999993", 
      "w": 64, 
      "h": 86
    }, 
    {
      "y": 149, 
      "id": -1,
      "x": 248, 
      "c": "0.9999932", 
      "w": 63, 
      "h": 82
    }
  ]
}