{
  "faces": [
    {
      "y": 145, 
      "id": -1,
      "x": 488, 
      "c": "0.9999994", 
      "w": 64, 
      "h": 86
    }, 
    {
      "y": 150, 
      "id": -1,
      "x": 248, 
      "c": "0.9999931", 
      "w": 63, 
      "h": 81
    }
  ]
}