{
  "faces": [
    {
      "y": 144, 
      "id": -1,
      "x": 488, 
      "c": "0.9999994", 
      "w": 63, 
      "h": 85
    }, 
    {
      "y": 151, 
      "id": -1,
      "x": 249, 
      "c": "0.9999908", 
      "w": 63, 
      "h": 80
    }
  ]
}