{
  "faces": [
    {
      "y": 144, 
      "id": -1,
      "x": 487, 
      "c": "0.9999993", 
      "w": 64, 
      "h": 86
    }, 
    {
      "y": 151, 
      "id": -1,
      "x": 249, 
      "c": "0.99999094", 
      "w": 63, 
      "h": 81
    }
  ]
}