{
  "faces": [
    {
      "y": 143, 
      "id": -1,
      "x": 481, 
      "c": "0.9999994", 
      "w": 64, 
      "h": 87
    }, 
    {
      "y": 158, 
      "id": -1,
      "x": 268, 
      "c": "0.999995", 
      "w": 62, 
      "h": 80
    }, 
    {
      "y": 239, 
      "id": -1,
      "x": 45, 
      "c": "0.72458905", 
      "w": 9, 
      "h": 11
    }
  ]
}