{
  "faces": [
    {
      "y": 145, 
      "id": -1,
      "x": 487, 
      "c": "0.99999905", 
      "w": 64, 
      "h": 85
    }, 
    {
      "y": 151, 
      "id": -1,
      "x": 248, 
      "c": "0.99999213", 
      "w": 63, 
      "h": 81
    }
  ]
}