{
  "faces": [
    {
      "y": 144, 
      "id": -1,
      "x": 487, 
      "c": "0.99999917", 
      "w": 64, 
      "h": 86
    }, 
    {
      "y": 150, 
      "id": -1,
      "x": 246, 
      "c": "0.9999926", 
      "w": 63, 
      "h": 82
    }
  ]
}