{
  "faces": [
    {
      "y": 144, 
      "id": -1,
      "x": 487, 
      "c": "0.99999905", 
      "w": 64, 
      "h": 85
    }, 
    {
      "y": 149, 
      "id": -1,
      "x": 246, 
      "c": "0.99999475", 
      "w": 63, 
      "h": 82
    }
  ]
}