{
  "faces": [
    {
      "y": 144, 
      "id": -1,
      "x": 487, 
      "c": "0.9999989", 
      "w": 64, 
      "h": 86
    }, 
    {
      "y": 151, 
      "id": -1,
      "x": 242, 
      "c": "0.9999951", 
      "w": 64, 
      "h": 80
    }
  ]
}