{
  "faces": [
    {
      "y": 144, 
      "id": -1,
      "x": 487, 
      "c": "0.9999994", 
      "w": 64, 
      "h": 86
    }, 
    {
      "y": 150, 
      "id": -1,
      "x": 242, 
      "c": "0.9999881", 
      "w": 63, 
      "h": 81
    }
  ]
}