{
  "faces": [
    {
      "y": 144, 
      "id": -1,
      "x": 487, 
      "c": "0.9999993", 
      "w": 64, 
      "h": 86
    }, 
    {
      "y": 150, 
      "id": -1,
      "x": 239, 
      "c": "0.9999924", 
      "w": 64, 
      "h": 81
    }, 
    {
      "y": 237, 
      "id": -1,
      "x": 45, 
      "c": "0.7188495", 
      "w": 9, 
      "h": 12
    }
  ]
}