{
  "faces": [
    {
      "y": 144, 
      "id": -1,
      "x": 487, 
      "c": "0.99999917", 
      "w": 64, 
      "h": 86
    }, 
    {
      "y": 149, 
      "id": -1,
      "x": 237, 
      "c": "0.9999974", 
      "w": 64, 
      "h": 84
    }
  ]
}