{
  "faces": [
    {
      "y": 143, 
      "id": -1,
      "x": 480, 
      "c": "0.99999917", 
      "w": 64, 
      "h": 87
    }, 
    {
      "y": 158, 
      "id": -1,
      "x": 267, 
      "c": "0.99999654", 
      "w": 63, 
      "h": 79
    }
  ]
}