{
  "faces": [
    {
      "y": 144, 
      "id": -1,
      "x": 487, 
      "c": "0.9999995", 
      "w": 64, 
      "h": 86
    }, 
    {
      "y": 149, 
      "id": -1,
      "x": 236, 
      "c": "0.99999547", 
      "w": 64, 
      "h": 83
    }
  ]
}