{
  "faces": [
    {
      "y": 144, 
      "id": -1,
      "x": 487, 
      "c": "0.9999994", 
      "w": 64, 
      "h": 86
    }, 
    {
      "y": 151, 
      "id": -1,
      "x": 236, 
      "c": "0.99999785", 
      "w": 64, 
      "h": 80
    }
  ]
}