{
  "faces": [
    {
      "y": 144, 
      "id": -1,
      "x": 487, 
      "c": "0.9999994", 
      "w": 64, 
      "h": 87
    }, 
    {
      "y": 152, 
      "id": -1,
      "x": 235, 
      "c": "0.999997", 
      "w": 64, 
      "h": 80
    }, 
    {
      "y": 238, 
      "id": -1,
      "x": 44, 
      "c": "0.83124775", 
      "w": 9, 
      "h": 11
    }
  ]
}