{
  "faces": [
    {
      "y": 144, 
      "id": -1,
      "x": 487, 
      "c": "0.9999993", 
      "w": 64, 
      "h": 87
    }, 
    {
      "y": 152, 
      "id": -1,
      "x": 234, 
      "c": "0.9999927", 
      "w": 64, 
      "h": 80
    }, 
    {
      "y": 238, 
      "id": -1,
      "x": 45, 
      "c": "0.75317085", 
      "w": 9, 
      "h": 12
    }
  ]
}