{
  "faces": [
    {
      "y": 144, 
      "id": -1,
      "x": 486, 
      "c": "0.9999993", 
      "w": 64, 
      "h": 86
    }, 
    {
      "y": 153, 
      "id": -1,
      "x": 234, 
      "c": "0.9999956", 
      "w": 65, 
      "h": 80
    }
  ]
}