{
  "faces": [
    {
      "y": 144, 
      "id": -1,
      "x": 486, 
      "c": "0.9999994", 
      "w": 64, 
      "h": 87
    }, 
    {
      "y": 154, 
      "id": -1,
      "x": 233, 
      "c": "0.99999213", 
      "w": 65, 
      "h": 81
    }, 
    {
      "y": 238, 
      "id": -1,
      "x": 45, 
      "c": "0.8049108", 
      "w": 9, 
      "h": 12
    }
  ]
}