{
  "faces": [
    {
      "y": 144, 
      "id": -1,
      "x": 486, 
      "c": "0.9999993", 
      "w": 64, 
      "h": 87
    }, 
    {
      "y": 153, 
      "id": -1,
      "x": 232, 
      "c": "0.9999918", 
      "w": 65, 
      "h": 82
    }, 
    {
      "y": 237, 
      "id": -1,
      "x": 45, 
      "c": "0.7795193", 
      "w": 9, 
      "h": 12
    }
  ]
}