{
  "faces": [
    {
      "y": 144, 
      "id": -1,
      "x": 486, 
      "c": "0.99999917", 
      "w": 64, 
      "h": 87
    }, 
    {
      "y": 152, 
      "id": -1,
      "x": 231, 
      "c": "0.9999887", 
      "w": 68, 
      "h": 86
    }, 
    {
      "y": 237, 
      "id": -1,
      "x": 45, 
      "c": "0.8073772", 
      "w": 9, 
      "h": 11
    }
  ]
}